,teamid,playerid,x,y,z,time,event,game
0,1610612766,202689,45.15749,26.36811,0.0,0,0,0021500162.json
1,1610612766,202689,45.17216,26.39226,0.0,1,0,0021500162.json
2,1610612766,202689,45.18045,26.41611,0.0,2,0,0021500162.json
3,1610612766,202689,45.18991,26.4399,0.0,3,0,0021500162.json
4,1610612766,202689,45.19311,26.46338,0.0,4,0,0021500162.json
5,1610612766,202689,45.19499,26.48587,0.0,5,0,0021500162.json
6,1610612766,202689,45.19305,26.50821,0.0,6,0,0021500162.json
7,1610612766,202689,45.19384,26.52937,0.0,7,0,0021500162.json
8,1610612766,202689,45.19438,26.54777,0.0,8,0,0021500162.json
9,1610612766,202689,45.19367,26.56253,0.0,9,0,0021500162.json
10,1610612766,202689,45.19638,26.57471,0.0,10,0,0021500162.json
11,1610612766,202689,45.1943,26.58251,0.0,11,0,0021500162.json
12,1610612766,202689,45.18732,26.59284,0.0,12,0,0021500162.json
13,1610612766,202689,45.17461,26.60184,0.0,13,0,0021500162.json
14,1610612766,202689,45.16616,26.61144,0.0,14,0,0021500162.json
15,1610612766,202689,45.14762,26.62285,0.0,15,0,0021500162.json
16,1610612766,202689,45.12874,26.63299,0.0,16,0,0021500162.json
17,1610612766,202689,45.1211,26.6439,0.0,17,0,0021500162.json
18,1610612766,202689,45.11095,26.65426,0.0,18,0,0021500162.json
19,1610612766,202689,45.09928,26.66763,0.0,19,0,0021500162.json
20,1610612766,202689,45.09431,26.68039,0.0,20,0,0021500162.json
21,1610612766,202689,45.0924,26.6954,0.0,21,0,0021500162.json
22,1610612766,202689,45.09273,26.71279,0.0,22,0,0021500162.json
23,1610612766,202689,45.09164,26.73223,0.0,23,0,0021500162.json
24,1610612766,202689,45.09488,26.75205,0.0,24,0,0021500162.json
25,1610612766,202689,45.09804,26.77256,0.0,25,0,0021500162.json
26,1610612766,202689,45.10718,26.79685,0.0,26,0,0021500162.json
27,1610612766,202689,45.12994,26.82231,0.0,27,0,0021500162.json
28,1610612766,202689,45.15392,26.84911,0.0,28,0,0021500162.json
29,1610612766,202689,45.17796,26.87603,0.0,29,0,0021500162.json
30,1610612766,202689,45.19576,26.90518,0.0,30,0,0021500162.json
31,1610612766,202689,45.20729,26.93478,0.0,31,0,0021500162.json
32,1610612766,202689,45.20383,26.96148,0.0,32,0,0021500162.json
33,1610612766,202689,45.19328,26.99421,0.0,33,0,0021500162.json
34,1610612766,202689,45.18078,27.02386,0.0,34,0,0021500162.json
35,1610612766,202689,45.15551,27.05446,0.0,35,0,0021500162.json
36,1610612766,202689,45.06619,27.06107,0.0,36,0,0021500162.json
37,1610612766,202689,44.91087,27.04156,0.0,37,0,0021500162.json
38,1610612766,202689,44.69084,26.99896,0.0,38,0,0021500162.json
39,1610612766,202689,44.40267,26.93349,0.0,39,0,0021500162.json
40,1610612766,202689,44.04628,26.84616,0.0,40,0,0021500162.json
41,1610612766,202689,43.66538,26.80692,0.0,41,0,0021500162.json
42,1610612766,202689,43.25718,26.81255,0.0,42,0,0021500162.json
43,1610612766,202689,42.86428,26.78576,0.0,43,0,0021500162.json
44,1610612766,202689,42.45324,26.80003,0.0,44,0,0021500162.json
45,1610612766,202689,42.03693,26.85107,0.0,45,0,0021500162.json
46,1610612766,202689,41.63371,26.91541,0.0,46,0,0021500162.json
47,1610612766,202689,41.2449,26.99606,0.0,47,0,0021500162.json
48,1610612766,202689,40.789,27.02969,0.0,48,0,0021500162.json
49,1610612766,202689,40.34452,27.03789,0.0,49,0,0021500162.json
50,1610612766,202689,39.91585,27.04016,0.0,50,0,0021500162.json
51,1610612766,202689,39.517,26.98432,0.0,51,0,0021500162.json
52,1610612766,202689,39.14796,26.87038,0.0,52,0,0021500162.json
53,1610612766,202689,38.84351,26.79974,0.0,53,0,0021500162.json
54,1610612766,202689,38.60452,26.75233,0.0,54,0,0021500162.json
55,1610612766,202689,38.42018,26.72934,0.0,55,0,0021500162.json
56,1610612766,202689,38.28703,26.7362,0.0,56,0,0021500162.json
57,1610612766,202689,38.20507,26.77291,0.0,57,0,0021500162.json
58,1610612766,202689,38.12771,26.89108,0.0,58,0,0021500162.json
59,1610612766,202689,38.08362,26.97788,0.0,59,0,0021500162.json
60,1610612766,202689,38.07281,27.03333,0.0,60,0,0021500162.json
61,1610612766,202689,38.0472,27.0729,0.0,61,0,0021500162.json
62,1610612766,202689,38.0068,27.0966,0.0,62,0,0021500162.json
63,1610612766,202689,38.03689,27.16256,0.0,63,0,0021500162.json
64,1610612766,202689,38.06606,27.24775,0.0,64,0,0021500162.json
65,1610612766,202689,38.02489,27.38959,0.0,65,0,0021500162.json
66,1610612766,202689,37.95542,27.66365,0.0,66,0,0021500162.json
67,1610612766,202689,37.85763,28.06995,0.0,67,0,0021500162.json
68,1610612766,202689,37.69676,28.50705,0.0,68,0,0021500162.json
69,1610612766,202689,37.47192,28.99506,0.0,69,0,0021500162.json
70,1610612766,202689,37.30251,29.37441,0.0,70,0,0021500162.json
71,1610612766,202689,37.14842,29.56711,0.0,71,0,0021500162.json
72,1610612766,202689,37.00966,29.57317,0.0,72,0,0021500162.json
73,1610612766,202689,36.89772,29.42166,0.0,73,0,0021500162.json
74,1610612766,202689,36.81485,29.15379,0.0,74,0,0021500162.json
75,1610612766,202689,36.7285,28.83026,0.0,75,0,0021500162.json
76,1610612766,202689,36.62291,28.56587,0.0,76,0,0021500162.json
77,1610612766,202689,36.52775,28.2961,0.0,77,0,0021500162.json
78,1610612766,202689,36.43973,28.03044,0.0,78,0,0021500162.json
79,1610612766,202689,36.34853,27.76653,0.0,79,0,0021500162.json
80,1610612766,202689,36.32373,27.44797,0.0,80,0,0021500162.json
81,1610612766,202689,36.35871,27.07839,0.0,81,0,0021500162.json
82,1610612766,202689,36.45978,26.61348,0.0,82,0,0021500162.json
83,1610612766,202689,36.64007,26.06207,0.0,83,0,0021500162.json
84,1610612766,202689,36.89957,25.42415,0.0,84,0,0021500162.json
85,1610612766,202689,37.1186,24.8951,0.0,85,0,0021500162.json
86,1610612766,202689,37.2891,24.4783,0.0,86,0,0021500162.json
87,1610612766,202689,37.46385,24.13631,0.0,87,0,0021500162.json
88,1610612766,202689,37.64283,23.86915,0.0,88,0,0021500162.json
89,1610612766,202689,37.82606,23.6768,0.0,89,0,0021500162.json
90,1610612766,202689,38.04608,23.49861,0.0,90,0,0021500162.json
91,1610612766,202689,38.3445,23.23072,0.0,91,0,0021500162.json
92,1610612766,202689,38.69165,22.93769,0.0,92,0,0021500162.json
93,1610612766,202689,39.0859,22.6084,0.0,93,0,0021500162.json
94,1610612766,202689,39.52874,22.2502,0.0,94,0,0021500162.json
95,1610612766,202689,40.01798,21.8631,0.0,95,0,0021500162.json
96,1610612766,202689,40.56023,21.44348,0.0,96,0,0021500162.json
97,1610612766,202689,41.09849,21.0691,0.0,97,0,0021500162.json
98,1610612766,202689,41.616,20.73385,0.0,98,0,0021500162.json
99,1610612766,202689,42.30081,20.48501,0.0,99,0,0021500162.json
100,1610612766,202689,43.0371,20.19127,0.0,100,0,0021500162.json
101,1610612766,202689,43.83295,19.84925,0.0,101,0,0021500162.json
102,1610612766,202689,44.63558,19.49638,0.0,102,0,0021500162.json
103,1610612766,202689,45.39533,19.18442,0.0,103,0,0021500162.json
104,1610612766,202689,46.10165,18.90275,0.0,104,0,0021500162.json
105,1610612766,202689,46.75686,18.64706,0.0,105,0,0021500162.json
106,1610612766,202689,47.36795,18.42252,0.0,106,0,0021500162.json
107,1610612766,202689,47.92825,18.23125,0.0,107,0,0021500162.json
108,1610612766,202689,48.43572,18.07356,0.0,108,0,0021500162.json
109,1610612766,202689,48.85688,17.9358,0.0,109,0,0021500162.json
110,1610612766,202689,49.23146,17.82893,0.0,110,0,0021500162.json
111,1610612766,202689,49.55364,17.75387,0.0,111,0,0021500162.json
112,1610612766,202689,49.90208,17.69047,0.0,112,0,0021500162.json
113,1610612766,202689,50.26073,17.62375,0.0,113,0,0021500162.json
114,1610612766,202689,50.43794,17.50229,0.0,114,0,0021500162.json
115,1610612766,202689,50.55885,17.42238,0.0,115,0,0021500162.json
116,1610612766,202689,50.62898,17.37931,0.0,116,0,0021500162.json
117,1610612766,202689,50.64459,17.38915,0.0,117,0,0021500162.json
118,1610612766,202689,50.62833,17.35464,0.0,118,0,0021500162.json
119,1610612766,202689,50.60107,17.36003,0.0,119,0,0021500162.json
120,1610612766,202689,50.56047,17.40962,0.0,120,0,0021500162.json
121,1610612766,202689,50.49956,17.49824,0.0,121,0,0021500162.json
122,1610612766,202689,50.42499,17.62379,0.0,122,0,0021500162.json
123,1610612766,202689,50.33881,17.78592,0.0,123,0,0021500162.json
124,1610612766,202689,50.30796,17.93447,0.0,124,0,0021500162.json
125,1610612766,202689,50.29271,18.05848,0.0,125,0,0021500162.json
126,1610612766,202689,50.29887,18.157,0.0,126,0,0021500162.json
127,1610612766,202689,50.29849,18.21675,0.0,127,0,0021500162.json
128,1610612766,202689,50.31125,18.24998,0.0,128,0,0021500162.json
129,1610612766,202689,50.32637,18.28114,0.0,129,0,0021500162.json
130,1610612766,202689,50.33961,18.31425,0.0,130,0,0021500162.json
131,1610612766,202689,50.34651,18.34327,0.0,131,0,0021500162.json
132,1610612766,202689,50.35482,18.35686,0.0,132,0,0021500162.json
133,1610612766,202689,50.39292,18.40653,0.0,133,0,0021500162.json
134,1610612766,202689,50.45082,18.41963,0.0,134,0,0021500162.json
135,1610612766,202689,50.52601,18.39419,0.0,135,0,0021500162.json
136,1610612766,202689,50.61636,18.32872,0.0,136,0,0021500162.json
137,1610612766,202689,50.7232,18.22368,0.0,137,0,0021500162.json
138,1610612766,202689,50.84331,18.0798,0.0,138,0,0021500162.json
139,1610612766,202689,50.94438,17.9596,0.0,139,0,0021500162.json
140,1610612766,202689,51.02757,17.86397,0.0,140,0,0021500162.json
141,1610612766,202689,51.09162,17.79299,0.0,141,0,0021500162.json
142,1610612766,202689,51.13613,17.74651,0.0,142,0,0021500162.json
143,1610612766,202689,51.1616,17.72472,0.0,143,0,0021500162.json
144,1610612766,202689,51.18425,17.7066,0.0,144,0,0021500162.json
145,1610612766,202689,51.20668,17.68817,0.0,145,0,0021500162.json
146,1610612766,202689,51.22827,17.68056,0.0,146,0,0021500162.json
147,1610612766,202689,51.19729,17.69712,0.0,147,0,0021500162.json
148,1610612766,202689,51.11237,17.73184,0.0,148,0,0021500162.json
149,1610612766,202689,50.97322,17.78374,0.0,149,0,0021500162.json
150,1610612766,202689,45.15749,26.36811,0.0,0,1,0021500162.json
151,1610612766,202689,45.17216,26.39226,0.0,1,1,0021500162.json
152,1610612766,202689,45.18045,26.41611,0.0,2,1,0021500162.json
153,1610612766,202689,45.18991,26.4399,0.0,3,1,0021500162.json
154,1610612766,202689,45.19311,26.46338,0.0,4,1,0021500162.json
155,1610612766,202689,45.19499,26.48587,0.0,5,1,0021500162.json
156,1610612766,202689,45.19305,26.50821,0.0,6,1,0021500162.json
157,1610612766,202689,45.19384,26.52937,0.0,7,1,0021500162.json
158,1610612766,202689,45.19438,26.54777,0.0,8,1,0021500162.json
159,1610612766,202689,45.19367,26.56253,0.0,9,1,0021500162.json
160,1610612766,202689,45.19638,26.57471,0.0,10,1,0021500162.json
161,1610612766,202689,45.1943,26.58251,0.0,11,1,0021500162.json
162,1610612766,202689,45.18732,26.59284,0.0,12,1,0021500162.json
163,1610612766,202689,45.17461,26.60184,0.0,13,1,0021500162.json
164,1610612766,202689,45.16616,26.61144,0.0,14,1,0021500162.json
165,1610612766,202689,45.14762,26.62285,0.0,15,1,0021500162.json
166,1610612766,202689,45.12874,26.63299,0.0,16,1,0021500162.json
167,1610612766,202689,45.1211,26.6439,0.0,17,1,0021500162.json
168,1610612766,202689,45.11095,26.65426,0.0,18,1,0021500162.json
169,1610612766,202689,45.09928,26.66763,0.0,19,1,0021500162.json
170,1610612766,202689,45.09431,26.68039,0.0,20,1,0021500162.json
171,1610612766,202689,45.0924,26.6954,0.0,21,1,0021500162.json
172,1610612766,202689,45.09273,26.71279,0.0,22,1,0021500162.json
173,1610612766,202689,45.09164,26.73223,0.0,23,1,0021500162.json
174,1610612766,202689,45.09488,26.75205,0.0,24,1,0021500162.json
175,1610612766,202689,45.09804,26.77256,0.0,25,1,0021500162.json
176,1610612766,202689,45.10718,26.79685,0.0,26,1,0021500162.json
177,1610612766,202689,45.12994,26.82231,0.0,27,1,0021500162.json
178,1610612766,202689,45.15392,26.84911,0.0,28,1,0021500162.json
179,1610612766,202689,45.17796,26.87603,0.0,29,1,0021500162.json
180,1610612766,202689,45.19576,26.90518,0.0,30,1,0021500162.json
181,1610612766,202689,45.20729,26.93478,0.0,31,1,0021500162.json
182,1610612766,202689,45.20383,26.96148,0.0,32,1,0021500162.json
183,1610612766,202689,45.19328,26.99421,0.0,33,1,0021500162.json
184,1610612766,202689,45.18078,27.02386,0.0,34,1,0021500162.json
185,1610612766,202689,45.15551,27.05446,0.0,35,1,0021500162.json
186,1610612766,202689,45.06619,27.06107,0.0,36,1,0021500162.json
187,1610612766,202689,44.91087,27.04156,0.0,37,1,0021500162.json
188,1610612766,202689,44.69084,26.99896,0.0,38,1,0021500162.json
189,1610612766,202689,44.40267,26.93349,0.0,39,1,0021500162.json
190,1610612766,202689,44.04628,26.84616,0.0,40,1,0021500162.json
191,1610612766,202689,43.66538,26.80692,0.0,41,1,0021500162.json
192,1610612766,202689,43.25718,26.81255,0.0,42,1,0021500162.json
193,1610612766,202689,42.86428,26.78576,0.0,43,1,0021500162.json
194,1610612766,202689,42.45324,26.80003,0.0,44,1,0021500162.json
195,1610612766,202689,42.03693,26.85107,0.0,45,1,0021500162.json
196,1610612766,202689,41.63371,26.91541,0.0,46,1,0021500162.json
197,1610612766,202689,41.2449,26.99606,0.0,47,1,0021500162.json
198,1610612766,202689,40.789,27.02969,0.0,48,1,0021500162.json
199,1610612766,202689,40.34452,27.03789,0.0,49,1,0021500162.json
200,1610612766,202689,39.91585,27.04016,0.0,50,1,0021500162.json
201,1610612766,202689,39.517,26.98432,0.0,51,1,0021500162.json
202,1610612766,202689,39.14796,26.87038,0.0,52,1,0021500162.json
203,1610612766,202689,38.84351,26.79974,0.0,53,1,0021500162.json
204,1610612766,202689,38.60452,26.75233,0.0,54,1,0021500162.json
205,1610612766,202689,38.42018,26.72934,0.0,55,1,0021500162.json
206,1610612766,202689,38.28703,26.7362,0.0,56,1,0021500162.json
207,1610612766,202689,38.20507,26.77291,0.0,57,1,0021500162.json
208,1610612766,202689,38.12771,26.89108,0.0,58,1,0021500162.json
209,1610612766,202689,38.08362,26.97788,0.0,59,1,0021500162.json
210,1610612766,202689,38.07281,27.03333,0.0,60,1,0021500162.json
211,1610612766,202689,38.0472,27.0729,0.0,61,1,0021500162.json
212,1610612766,202689,38.0068,27.0966,0.0,62,1,0021500162.json
213,1610612766,202689,38.03689,27.16256,0.0,63,1,0021500162.json
214,1610612766,202689,38.06606,27.24775,0.0,64,1,0021500162.json
215,1610612766,202689,38.02489,27.38959,0.0,65,1,0021500162.json
216,1610612766,202689,37.95542,27.66365,0.0,66,1,0021500162.json
217,1610612766,202689,37.85763,28.06995,0.0,67,1,0021500162.json
218,1610612766,202689,37.69676,28.50705,0.0,68,1,0021500162.json
219,1610612766,202689,37.47192,28.99506,0.0,69,1,0021500162.json
220,1610612766,202689,37.30251,29.37441,0.0,70,1,0021500162.json
221,1610612766,202689,37.14842,29.56711,0.0,71,1,0021500162.json
222,1610612766,202689,37.00966,29.57317,0.0,72,1,0021500162.json
223,1610612766,202689,36.89772,29.42166,0.0,73,1,0021500162.json
224,1610612766,202689,36.81485,29.15379,0.0,74,1,0021500162.json
225,1610612766,202689,36.7285,28.83026,0.0,75,1,0021500162.json
226,1610612766,202689,36.62291,28.56587,0.0,76,1,0021500162.json
227,1610612766,202689,36.52775,28.2961,0.0,77,1,0021500162.json
228,1610612766,202689,36.43973,28.03044,0.0,78,1,0021500162.json
229,1610612766,202689,36.34853,27.76653,0.0,79,1,0021500162.json
230,1610612766,202689,36.32373,27.44797,0.0,80,1,0021500162.json
231,1610612766,202689,36.35871,27.07839,0.0,81,1,0021500162.json
232,1610612766,202689,36.45978,26.61348,0.0,82,1,0021500162.json
233,1610612766,202689,36.64007,26.06207,0.0,83,1,0021500162.json
234,1610612766,202689,36.89957,25.42415,0.0,84,1,0021500162.json
235,1610612766,202689,37.1186,24.8951,0.0,85,1,0021500162.json
236,1610612766,202689,37.2891,24.4783,0.0,86,1,0021500162.json
237,1610612766,202689,37.46385,24.13631,0.0,87,1,0021500162.json
238,1610612766,202689,37.64283,23.86915,0.0,88,1,0021500162.json
239,1610612766,202689,37.82606,23.6768,0.0,89,1,0021500162.json
240,1610612766,202689,38.04608,23.49861,0.0,90,1,0021500162.json
241,1610612766,202689,38.3445,23.23072,0.0,91,1,0021500162.json
242,1610612766,202689,38.69165,22.93769,0.0,92,1,0021500162.json
243,1610612766,202689,39.0859,22.6084,0.0,93,1,0021500162.json
244,1610612766,202689,39.52874,22.2502,0.0,94,1,0021500162.json
245,1610612766,202689,40.01798,21.8631,0.0,95,1,0021500162.json
246,1610612766,202689,40.56023,21.44348,0.0,96,1,0021500162.json
247,1610612766,202689,41.09849,21.0691,0.0,97,1,0021500162.json
248,1610612766,202689,41.616,20.73385,0.0,98,1,0021500162.json
249,1610612766,202689,42.30081,20.48501,0.0,99,1,0021500162.json
250,1610612766,202689,43.0371,20.19127,0.0,100,1,0021500162.json
251,1610612766,202689,43.83295,19.84925,0.0,101,1,0021500162.json
252,1610612766,202689,44.63558,19.49638,0.0,102,1,0021500162.json
253,1610612766,202689,45.39533,19.18442,0.0,103,1,0021500162.json
254,1610612766,202689,46.10165,18.90275,0.0,104,1,0021500162.json
255,1610612766,202689,46.75686,18.64706,0.0,105,1,0021500162.json
256,1610612766,202689,47.36795,18.42252,0.0,106,1,0021500162.json
257,1610612766,202689,47.92825,18.23125,0.0,107,1,0021500162.json
258,1610612766,202689,48.43572,18.07356,0.0,108,1,0021500162.json
259,1610612766,202689,48.85688,17.9358,0.0,109,1,0021500162.json
260,1610612766,202689,49.23146,17.82893,0.0,110,1,0021500162.json
261,1610612766,202689,49.55364,17.75387,0.0,111,1,0021500162.json
262,1610612766,202689,49.90208,17.69047,0.0,112,1,0021500162.json
263,1610612766,202689,50.26073,17.62375,0.0,113,1,0021500162.json
264,1610612766,202689,50.43794,17.50229,0.0,114,1,0021500162.json
265,1610612766,202689,50.55885,17.42238,0.0,115,1,0021500162.json
266,1610612766,202689,50.62898,17.37931,0.0,116,1,0021500162.json
267,1610612766,202689,50.64459,17.38915,0.0,117,1,0021500162.json
268,1610612766,202689,50.62833,17.35464,0.0,118,1,0021500162.json
269,1610612766,202689,50.60107,17.36003,0.0,119,1,0021500162.json
270,1610612766,202689,50.56047,17.40962,0.0,120,1,0021500162.json
271,1610612766,202689,50.49956,17.49824,0.0,121,1,0021500162.json
272,1610612766,202689,50.42499,17.62379,0.0,122,1,0021500162.json
273,1610612766,202689,50.33881,17.78592,0.0,123,1,0021500162.json
274,1610612766,202689,50.30796,17.93447,0.0,124,1,0021500162.json
275,1610612766,202689,50.29271,18.05848,0.0,125,1,0021500162.json
276,1610612766,202689,50.29887,18.157,0.0,126,1,0021500162.json
277,1610612766,202689,50.29849,18.21675,0.0,127,1,0021500162.json
278,1610612766,202689,50.31125,18.24998,0.0,128,1,0021500162.json
279,1610612766,202689,50.32637,18.28114,0.0,129,1,0021500162.json
280,1610612766,202689,50.33961,18.31425,0.0,130,1,0021500162.json
281,1610612766,202689,50.34651,18.34327,0.0,131,1,0021500162.json
282,1610612766,202689,50.35482,18.35686,0.0,132,1,0021500162.json
283,1610612766,202689,50.39292,18.40653,0.0,133,1,0021500162.json
284,1610612766,202689,50.45082,18.41963,0.0,134,1,0021500162.json
285,1610612766,202689,50.52601,18.39419,0.0,135,1,0021500162.json
286,1610612766,202689,50.61636,18.32872,0.0,136,1,0021500162.json
287,1610612766,202689,50.7232,18.22368,0.0,137,1,0021500162.json
288,1610612766,202689,50.84331,18.0798,0.0,138,1,0021500162.json
289,1610612766,202689,50.94438,17.9596,0.0,139,1,0021500162.json
290,1610612766,202689,51.02757,17.86397,0.0,140,1,0021500162.json
291,1610612766,202689,51.09162,17.79299,0.0,141,1,0021500162.json
292,1610612766,202689,51.13613,17.74651,0.0,142,1,0021500162.json
293,1610612766,202689,51.1616,17.72472,0.0,143,1,0021500162.json
294,1610612766,202689,51.18425,17.7066,0.0,144,1,0021500162.json
295,1610612766,202689,51.20668,17.68817,0.0,145,1,0021500162.json
296,1610612766,202689,51.22827,17.68056,0.0,146,1,0021500162.json
297,1610612766,202689,51.19729,17.69712,0.0,147,1,0021500162.json
298,1610612766,202689,51.11237,17.73184,0.0,148,1,0021500162.json
299,1610612766,202689,50.97322,17.78374,0.0,149,1,0021500162.json
300,1610612766,202689,50.78233,17.8548,0.0,150,1,0021500162.json
301,1610612766,202689,50.54184,17.9465,0.0,151,1,0021500162.json
302,1610612766,202689,50.25937,18.10331,0.0,152,1,0021500162.json
303,1610612766,202689,49.93815,18.32451,0.0,153,1,0021500162.json
304,1610612766,202689,49.57702,18.61142,0.0,154,1,0021500162.json
305,1610612766,202689,49.17484,18.96315,0.0,155,1,0021500162.json
306,1610612766,202689,48.73286,19.37962,0.0,156,1,0021500162.json
307,1610612766,202689,48.24277,19.83138,0.0,157,1,0021500162.json
308,1610612766,202689,47.70409,20.31824,0.0,158,1,0021500162.json
309,1610612766,202689,47.11497,20.84094,0.0,159,1,0021500162.json
310,1610612766,202689,46.47883,21.39743,0.0,160,1,0021500162.json
311,1610612766,202689,45.79527,21.98732,0.0,161,1,0021500162.json
312,1610612766,202689,45.11197,22.59254,0.0,162,1,0021500162.json
313,1610612766,202689,44.42893,23.2131,0.0,163,1,0021500162.json
314,1610612766,202689,43.74614,23.84899,0.0,164,1,0021500162.json
315,1610612766,202689,43.06362,24.50021,0.0,165,1,0021500162.json
316,1610612766,202689,42.38136,25.16677,0.0,166,1,0021500162.json
317,1610612766,202689,41.72382,25.75715,0.0,167,1,0021500162.json
318,1610612766,202689,41.06828,26.29995,0.0,168,1,0021500162.json
319,1610612766,202689,40.41475,26.79519,0.0,169,1,0021500162.json
320,1610612766,202689,39.76322,27.24285,0.0,170,1,0021500162.json
321,1610612766,202689,39.11369,27.64296,0.0,171,1,0021500162.json
322,1610612766,202689,38.47487,28.02509,0.0,172,1,0021500162.json
323,1610612766,202689,37.98913,28.31322,0.0,173,1,0021500162.json
324,1610612766,202689,37.65647,28.50736,0.0,174,1,0021500162.json
325,1610612766,202689,37.42495,28.64892,0.0,175,1,0021500162.json
326,1610612766,202689,37.26125,28.69474,0.0,176,1,0021500162.json
327,1610612766,202689,37.12859,28.77068,0.0,177,1,0021500162.json
328,1610612766,202689,37.0672,28.81666,0.0,178,1,0021500162.json
329,1610612766,202689,37.0771,28.83268,0.0,179,1,0021500162.json
330,1610612766,202689,37.12577,28.81765,0.0,180,1,0021500162.json
331,1610612766,202689,37.24674,28.69274,0.0,181,1,0021500162.json
332,1610612766,202689,37.39848,28.563,0.0,182,1,0021500162.json
333,1610612766,202689,37.58187,28.41662,0.0,183,1,0021500162.json
334,1610612766,202689,37.78119,28.30418,0.0,184,1,0021500162.json
335,1610612766,202689,38.00997,28.19921,0.0,185,1,0021500162.json
336,1610612766,202689,38.24559,28.02665,0.0,186,1,0021500162.json
337,1610612766,202689,38.53503,27.86281,0.0,187,1,0021500162.json
338,1610612766,202689,38.69383,27.74023,0.0,188,1,0021500162.json
339,1610612766,202689,38.7321,27.67092,0.0,189,1,0021500162.json
340,1610612766,202689,38.71778,27.63459,0.0,190,1,0021500162.json
341,1610612766,202689,38.65567,27.65682,0.0,191,1,0021500162.json
342,1610612766,202689,38.61812,27.66342,0.0,192,1,0021500162.json
343,1610612766,202689,38.56491,27.71448,0.0,193,1,0021500162.json
344,1610612766,202689,38.43698,27.79334,0.0,194,1,0021500162.json
345,1610612766,202689,38.26683,27.90108,0.0,195,1,0021500162.json
346,1610612766,202689,38.02094,28.11651,0.0,196,1,0021500162.json
347,1610612766,202689,37.70743,28.38122,0.0,197,1,0021500162.json
348,1610612766,202689,37.34812,28.67835,0.0,198,1,0021500162.json
349,1610612766,202689,36.99646,28.92053,0.0,199,1,0021500162.json
350,1610612766,202689,36.64967,29.14403,0.0,200,1,0021500162.json
351,1610612766,202689,36.33263,29.42031,0.0,201,1,0021500162.json
352,1610612766,202689,35.99747,29.67284,0.0,202,1,0021500162.json
353,1610612766,202689,35.68835,29.94552,0.0,203,1,0021500162.json
354,1610612766,202689,35.39257,30.22744,0.0,204,1,0021500162.json
355,1610612766,202689,35.0959,30.49522,0.0,205,1,0021500162.json
356,1610612766,202689,34.82583,30.76822,0.0,206,1,0021500162.json
357,1610612766,202689,34.54413,30.98985,0.0,207,1,0021500162.json
358,1610612766,202689,34.25886,31.22072,0.0,208,1,0021500162.json
359,1610612766,202689,34.02382,31.41844,0.0,209,1,0021500162.json
360,1610612766,202689,33.86646,31.55163,0.0,210,1,0021500162.json
361,1610612766,202689,33.72684,31.68858,0.0,211,1,0021500162.json
362,1610612766,202689,33.6023,31.76888,0.0,212,1,0021500162.json
363,1610612766,202689,33.52291,31.81462,0.0,213,1,0021500162.json
364,1610612766,202689,33.47831,31.88577,0.0,214,1,0021500162.json
365,1610612766,202689,33.46158,31.96411,0.0,215,1,0021500162.json
366,1610612766,202689,33.44217,32.04007,0.0,216,1,0021500162.json
367,1610612766,202689,33.42563,32.11648,0.0,217,1,0021500162.json
368,1610612766,202689,33.4037,32.18916,0.0,218,1,0021500162.json
369,1610612766,202689,33.39445,32.26086,0.0,219,1,0021500162.json
370,1610612766,202689,33.33883,32.30217,0.0,220,1,0021500162.json
371,1610612766,202689,33.30942,32.25834,0.0,221,1,0021500162.json
372,1610612766,202689,33.28918,32.21699,0.0,222,1,0021500162.json
373,1610612766,202689,33.26773,32.11501,0.0,223,1,0021500162.json
374,1610612766,202689,33.29225,32.07668,0.0,224,1,0021500162.json
375,1610612766,202689,33.28715,32.06471,0.0,225,1,0021500162.json
376,1610612766,202689,33.27417,32.06492,0.0,226,1,0021500162.json
377,1610612766,202689,33.29662,32.08086,0.0,227,1,0021500162.json
378,1610612766,202689,33.26431,32.05636,0.0,228,1,0021500162.json
379,1610612766,202689,33.20682,32.01013,0.0,229,1,0021500162.json
380,1610612766,202689,33.17194,31.99431,0.0,230,1,0021500162.json
381,1610612766,202689,33.1439,31.97709,0.0,231,1,0021500162.json
382,1610612766,202689,33.05686,31.91457,0.0,232,1,0021500162.json
383,1610612766,202689,32.97251,31.85413,0.0,233,1,0021500162.json
384,1610612766,202689,32.87558,31.79035,0.0,234,1,0021500162.json
385,1610612766,202689,32.82471,31.75812,0.0,235,1,0021500162.json
386,1610612766,202689,32.74689,31.80492,0.0,236,1,0021500162.json
387,1610612766,202689,32.66137,31.85159,0.0,237,1,0021500162.json
388,1610612766,202689,32.57152,31.90053,0.0,238,1,0021500162.json
389,1610612766,202689,32.43592,31.88641,0.0,239,1,0021500162.json
390,1610612766,202689,32.30201,31.87981,0.0,240,1,0021500162.json
391,1610612766,202689,32.20608,31.8224,0.0,241,1,0021500162.json
392,1610612766,202689,32.10818,31.76971,0.0,242,1,0021500162.json
393,1610612766,202689,32.06996,31.75739,0.0,243,1,0021500162.json
394,1610612766,202689,32.0341,31.75169,0.0,244,1,0021500162.json
395,1610612766,202689,31.94637,31.69613,0.0,245,1,0021500162.json
396,1610612766,202689,31.85211,31.63815,0.0,246,1,0021500162.json
397,1610612766,202689,31.81276,31.62256,0.0,247,1,0021500162.json
398,1610612766,202689,31.77242,31.60676,0.0,248,1,0021500162.json
399,1610612766,202689,31.73047,31.59686,0.0,249,1,0021500162.json
400,1610612766,202689,31.68538,31.57904,0.0,250,1,0021500162.json
401,1610612766,202689,31.63412,31.56357,0.0,251,1,0021500162.json
402,1610612766,202689,31.58192,31.54545,0.0,252,1,0021500162.json
403,1610612766,202689,31.52787,31.53595,0.0,253,1,0021500162.json
404,1610612766,202689,31.46582,31.52176,0.0,254,1,0021500162.json
405,1610612766,202689,31.39569,31.49523,0.0,255,1,0021500162.json
406,1610612766,202689,31.32079,31.46261,0.0,256,1,0021500162.json
407,1610612766,202689,31.23499,31.40305,0.0,257,1,0021500162.json
408,1610612766,202689,31.15111,31.35116,0.0,258,1,0021500162.json
409,1610612766,202689,31.05844,31.28637,0.0,259,1,0021500162.json
410,1610612766,202689,30.96121,31.22863,0.0,260,1,0021500162.json
411,1610612766,202689,30.86231,31.16265,0.0,261,1,0021500162.json
412,1610612766,202689,30.76251,31.11328,0.0,262,1,0021500162.json
413,1610612766,202689,30.64834,31.06318,0.0,263,1,0021500162.json
414,1610612766,202689,30.54118,31.00084,0.0,264,1,0021500162.json
415,1610612766,202689,30.42222,31.00458,0.0,265,1,0021500162.json
416,1610612766,202689,30.2851,31.04091,0.0,266,1,0021500162.json
417,1610612766,202689,30.1651,31.05107,0.0,267,1,0021500162.json
418,1610612766,202689,30.01993,31.0736,0.0,268,1,0021500162.json
419,1610612766,202689,29.84928,31.09796,0.0,269,1,0021500162.json
420,1610612766,202689,29.71606,31.10156,0.0,270,1,0021500162.json
421,1610612766,202689,29.6071,31.08303,0.0,271,1,0021500162.json
422,1610612766,202689,29.50479,31.08446,0.0,272,1,0021500162.json
423,1610612766,202689,29.39481,31.07799,0.0,273,1,0021500162.json
424,1610612766,202689,29.28826,31.07135,0.0,274,1,0021500162.json
425,1610612766,202689,29.18707,31.05306,0.0,275,1,0021500162.json
426,1610612766,202689,29.08186,31.03384,0.0,276,1,0021500162.json
427,1610612766,202689,28.97428,30.98693,0.0,277,1,0021500162.json
428,1610612766,202689,28.87548,30.92542,0.0,278,1,0021500162.json
429,1610612766,202689,28.76522,30.86363,0.0,279,1,0021500162.json
430,1610612766,202689,28.66105,30.73179,0.0,280,1,0021500162.json
431,1610612766,202689,28.55935,30.62751,0.0,281,1,0021500162.json
432,1610612766,202689,28.43627,30.54133,0.0,282,1,0021500162.json
433,1610612766,202689,28.28131,30.37194,0.0,283,1,0021500162.json
434,1610612766,202689,28.10042,30.14331,0.0,284,1,0021500162.json
435,1610612766,202689,27.91219,29.95649,0.0,285,1,0021500162.json
436,1610612766,202689,27.72307,29.7932,0.0,286,1,0021500162.json
437,1610612766,202689,27.56777,29.6317,0.0,287,1,0021500162.json
438,1610612766,202689,27.41096,29.46093,0.0,288,1,0021500162.json
439,1610612766,202689,27.25261,29.2856,0.0,289,1,0021500162.json
440,1610612766,202689,27.11325,29.13233,0.0,290,1,0021500162.json
441,1610612766,202689,27.02533,28.99196,0.0,291,1,0021500162.json
442,1610612766,202689,26.95247,28.85929,0.0,292,1,0021500162.json
443,1610612766,202689,26.89476,28.7348,0.0,293,1,0021500162.json
444,1610612766,202689,26.8557,28.61387,0.0,294,1,0021500162.json
445,1610612766,202689,26.82999,28.49851,0.0,295,1,0021500162.json
446,1610612766,202689,26.83529,28.32129,0.0,296,1,0021500162.json
447,1610612766,202689,26.86064,28.14149,0.0,297,1,0021500162.json
448,1610612766,202689,27.02701,28.03682,0.0,298,1,0021500162.json
449,1610612766,202689,27.26186,28.00438,0.0,299,1,0021500162.json
450,1610612766,202689,27.47372,27.91828,0.0,300,1,0021500162.json
451,1610612766,202689,27.65832,27.77862,0.0,301,1,0021500162.json
452,1610612766,202689,27.77409,27.62318,0.0,302,1,0021500162.json
453,1610612766,202689,27.9454,27.47809,0.0,303,1,0021500162.json
454,1610612766,202689,28.14797,27.33592,0.0,304,1,0021500162.json
455,1610612766,202689,28.35879,27.18663,0.0,305,1,0021500162.json
456,1610612766,202689,28.54164,26.9957,0.0,306,1,0021500162.json
457,1610612766,202689,28.73586,26.78439,0.0,307,1,0021500162.json
458,1610612766,202689,28.97288,26.64475,0.0,308,1,0021500162.json
459,1610612766,202689,29.20624,26.51999,0.0,309,1,0021500162.json
460,1610612766,202689,29.40011,26.39306,0.0,310,1,0021500162.json
461,1610612766,202689,29.5984,26.30722,0.0,311,1,0021500162.json
462,1610612766,202689,29.77005,26.21898,0.0,312,1,0021500162.json
463,1610612766,202689,29.85813,26.11203,0.0,313,1,0021500162.json
464,1610612766,202689,29.94716,26.00196,0.0,314,1,0021500162.json
465,1610612766,202689,30.05322,25.93836,0.0,315,1,0021500162.json
466,1610612766,202689,30.23115,25.90792,0.0,316,1,0021500162.json
467,1610612766,202689,30.51087,25.87461,0.0,317,1,0021500162.json
468,1610612766,202689,30.75776,25.8307,0.0,318,1,0021500162.json
469,1610612766,202689,31.00025,25.77363,0.0,319,1,0021500162.json
470,1610612766,202689,31.24005,25.65676,0.0,320,1,0021500162.json
471,1610612766,202689,31.47482,25.60654,0.0,321,1,0021500162.json
472,1610612766,202689,31.72939,25.64146,0.0,322,1,0021500162.json
473,1610612766,202689,31.92309,25.57228,0.0,323,1,0021500162.json
474,1610612766,202689,32.12761,25.52143,0.0,324,1,0021500162.json
475,1610612766,202689,32.36955,25.47293,0.0,325,1,0021500162.json
476,1610612766,202689,32.60968,25.38941,0.0,326,1,0021500162.json
477,1610612766,202689,32.84629,25.3334,0.0,327,1,0021500162.json
478,1610612766,202689,33.09301,25.29302,0.0,328,1,0021500162.json
479,1610612766,202689,33.31872,25.24767,0.0,329,1,0021500162.json
480,1610612766,202689,33.5524,25.19856,0.0,330,1,0021500162.json
481,1610612766,202689,33.72652,25.17369,0.0,331,1,0021500162.json
482,1610612766,202689,33.82734,25.17343,0.0,332,1,0021500162.json
483,1610612766,202689,33.88211,25.17504,0.0,333,1,0021500162.json
484,1610612766,202689,33.9297,25.19252,0.0,334,1,0021500162.json
485,1610612766,202689,33.98688,25.30242,0.0,335,1,0021500162.json
486,1610612766,202689,34.04911,25.37282,0.0,336,1,0021500162.json
487,1610612766,202689,34.02781,25.36023,0.0,337,1,0021500162.json
488,1610612766,202689,34.03142,25.39699,0.0,338,1,0021500162.json
489,1610612766,202689,34.0119,25.39915,0.0,339,1,0021500162.json
490,1610612766,202689,33.98022,25.39596,0.0,340,1,0021500162.json
491,1610612766,202689,33.9349,25.38899,0.0,341,1,0021500162.json
492,1610612766,202689,33.93191,25.39207,0.0,342,1,0021500162.json
493,1610612766,202689,33.93219,25.39626,0.0,343,1,0021500162.json
494,1610612766,202689,33.92614,25.36179,0.0,344,1,0021500162.json
495,1610612766,202689,33.89325,25.3425,0.0,345,1,0021500162.json
496,1610612766,202689,33.86095,25.32744,0.0,346,1,0021500162.json
497,1610612766,202689,33.86147,25.30918,0.0,347,1,0021500162.json
498,1610612766,202689,33.9072,25.249,0.0,348,1,0021500162.json
499,1610612766,202689,33.93521,25.22524,0.0,349,1,0021500162.json
500,1610612766,202689,33.93061,25.17075,0.0,350,1,0021500162.json
501,1610612766,202689,33.85611,25.13097,0.0,351,1,0021500162.json
502,1610612766,202689,33.82984,25.11163,0.0,352,1,0021500162.json
503,1610612766,202689,33.79391,25.0869,0.0,353,1,0021500162.json
504,1610612766,202689,33.76029,25.0631,0.0,354,1,0021500162.json
505,1610612766,202689,33.82217,25.05575,0.0,355,1,0021500162.json
506,1610612766,202689,33.97316,25.0559,0.0,356,1,0021500162.json
507,1610612766,202689,34.17069,25.06888,0.0,357,1,0021500162.json
508,1610612766,202689,34.35757,25.06554,0.0,358,1,0021500162.json
509,1610612766,202689,34.5685,25.09357,0.0,359,1,0021500162.json
510,1610612766,202689,34.78475,25.11277,0.0,360,1,0021500162.json
511,1610612766,202689,34.98236,25.13003,0.0,361,1,0021500162.json
512,1610612766,202689,35.09976,25.145,0.0,362,1,0021500162.json
513,1610612766,202689,35.14316,25.19048,0.0,363,1,0021500162.json
514,1610612766,202689,35.13245,25.18411,0.0,364,1,0021500162.json
515,1610612766,202689,35.13174,25.16683,0.0,365,1,0021500162.json
516,1610612766,202689,35.20032,25.13083,0.0,366,1,0021500162.json
517,1610612766,202689,35.28314,25.09254,0.0,367,1,0021500162.json
518,1610612766,202689,35.36976,25.04038,0.0,368,1,0021500162.json
519,1610612766,202689,35.51486,24.93585,0.0,369,1,0021500162.json
520,1610612766,202689,35.54467,24.81541,0.0,370,1,0021500162.json
521,1610612766,202689,35.50179,24.66738,0.0,371,1,0021500162.json
522,1610612766,202689,35.31747,24.52173,0.0,372,1,0021500162.json
523,1610612766,202689,35.16545,24.37364,0.0,373,1,0021500162.json
524,1610612766,202689,35.0314,24.1739,0.0,374,1,0021500162.json
525,1610612766,202689,34.89636,23.95234,0.0,375,1,0021500162.json
526,1610612766,202689,34.81298,23.6832,0.0,376,1,0021500162.json
527,1610612766,202689,34.77465,23.42446,0.0,377,1,0021500162.json
528,1610612766,202689,34.73023,23.17685,0.0,378,1,0021500162.json
529,1610612766,202689,34.74332,22.97572,0.0,379,1,0021500162.json
530,1610612766,202689,34.75601,22.73018,0.0,380,1,0021500162.json
531,1610612766,202689,34.73258,22.49266,0.0,381,1,0021500162.json
532,1610612766,202689,34.63303,22.24992,0.0,382,1,0021500162.json
533,1610612766,202689,34.49316,21.98621,0.0,383,1,0021500162.json
534,1610612766,202689,34.27669,21.76625,0.0,384,1,0021500162.json
535,1610612766,202689,34.09078,21.55526,0.0,385,1,0021500162.json
536,1610612766,202689,33.87827,21.34392,0.0,386,1,0021500162.json
537,1610612766,202689,33.72,21.13164,0.0,387,1,0021500162.json
538,1610612766,202689,33.51275,20.93813,0.0,388,1,0021500162.json
539,1610612766,202689,33.21715,20.74587,0.0,389,1,0021500162.json
540,1610612766,202689,32.89269,20.53383,0.0,390,1,0021500162.json
541,1610612766,202689,32.51445,20.36971,0.0,391,1,0021500162.json
542,1610612766,202689,32.14865,20.19446,0.0,392,1,0021500162.json
543,1610612766,202689,31.84693,20.0164,0.0,393,1,0021500162.json
544,1610612766,202689,31.52857,19.80193,0.0,394,1,0021500162.json
545,1610612766,202689,31.18312,19.63384,0.0,395,1,0021500162.json
546,1610612766,202689,30.83544,19.47197,0.0,396,1,0021500162.json
547,1610612766,202689,30.52147,19.31517,0.0,397,1,0021500162.json
548,1610612766,202689,30.20999,19.19137,0.0,398,1,0021500162.json
549,1610612766,202689,29.88712,19.08601,0.0,399,1,0021500162.json
550,1610612766,202689,29.53096,18.98248,0.0,400,1,0021500162.json
551,1610612766,202689,29.14843,18.90805,0.0,401,1,0021500162.json
552,1610612766,202689,28.74812,18.81003,0.0,402,1,0021500162.json
553,1610612766,202689,28.338,18.69636,0.0,403,1,0021500162.json
554,1610612766,202689,27.95848,18.63814,0.0,404,1,0021500162.json
555,1610612766,202689,27.57832,18.61152,0.0,405,1,0021500162.json
556,1610612766,202689,27.18773,18.5845,0.0,406,1,0021500162.json
557,1610612766,202689,26.76965,18.56557,0.0,407,1,0021500162.json
558,1610612766,202689,26.32317,18.56687,0.0,408,1,0021500162.json
559,1610612766,202689,25.86713,18.59337,0.0,409,1,0021500162.json
560,1610612766,202689,25.39893,18.62587,0.0,410,1,0021500162.json
561,1610612766,202689,24.92855,18.65855,0.0,411,1,0021500162.json
562,1610612766,202689,24.44875,18.70209,0.0,412,1,0021500162.json
563,1610612766,202689,23.97615,18.75505,0.0,413,1,0021500162.json
564,1610612766,202689,23.51555,18.81652,0.0,414,1,0021500162.json
565,1610612766,202689,23.06191,18.88179,0.0,415,1,0021500162.json
566,1610612766,202689,22.6276,18.95204,0.0,416,1,0021500162.json
567,1610612766,202689,22.22766,19.00973,0.0,417,1,0021500162.json
568,1610612766,202689,21.81622,19.12649,0.0,418,1,0021500162.json
569,1610612766,202689,21.42051,19.2678,0.0,419,1,0021500162.json
570,1610612766,202689,21.0446,19.40685,0.0,420,1,0021500162.json
571,1610612766,202689,20.68679,19.55523,0.0,421,1,0021500162.json
572,1610612766,202689,20.34954,19.71929,0.0,422,1,0021500162.json
573,1610612766,202689,20.03146,19.8748,0.0,423,1,0021500162.json
574,1610612766,202689,19.73325,20.02304,0.0,424,1,0021500162.json
575,1610612766,202689,19.45216,20.173,0.0,425,1,0021500162.json
576,1610612766,202689,19.1876,20.32556,0.0,426,1,0021500162.json
577,1610612766,202689,18.94341,20.47445,0.0,427,1,0021500162.json
578,1610612766,202689,18.70459,20.60964,0.0,428,1,0021500162.json
579,1610612766,202689,18.47783,20.74396,0.0,429,1,0021500162.json
580,1610612766,202689,18.26019,20.88332,0.0,430,1,0021500162.json
581,1610612766,202689,18.04988,21.02387,0.0,431,1,0021500162.json
582,1610612766,202689,17.82888,21.1713,0.0,432,1,0021500162.json
583,1610612766,202689,17.63256,21.27207,0.0,433,1,0021500162.json
584,1610612766,202689,17.42815,21.36529,0.0,434,1,0021500162.json
585,1610612766,202689,17.22016,21.47189,0.0,435,1,0021500162.json
586,1610612766,202689,17.00989,21.56887,0.0,436,1,0021500162.json
587,1610612766,202689,16.79644,21.65342,0.0,437,1,0021500162.json
588,1610612766,202689,16.58215,21.7383,0.0,438,1,0021500162.json
589,1610612766,202689,16.37486,21.81508,0.0,439,1,0021500162.json
590,1610612766,202689,16.17688,21.88399,0.0,440,1,0021500162.json
591,1610612766,202689,15.97624,21.95507,0.0,441,1,0021500162.json
592,1610612766,202689,15.78257,22.01772,0.0,442,1,0021500162.json
593,1610612766,202689,15.59702,22.08766,0.0,443,1,0021500162.json
594,1610612766,202689,15.41857,22.1542,0.0,444,1,0021500162.json
595,1610612766,202689,15.24514,22.22031,0.0,445,1,0021500162.json
596,1610612766,202689,15.07971,22.27223,0.0,446,1,0021500162.json
597,1610612766,202689,14.91495,22.32702,0.0,447,1,0021500162.json
598,1610612766,202689,14.76261,22.37799,0.0,448,1,0021500162.json
599,1610612766,202689,14.62803,22.42251,0.0,449,1,0021500162.json
600,1610612766,202689,14.50056,22.46443,0.0,450,1,0021500162.json
601,1610612766,202689,14.38257,22.51679,0.0,451,1,0021500162.json
602,1610612766,202689,14.27386,22.57175,0.0,452,1,0021500162.json
603,1610612766,202689,14.17072,22.63139,0.0,453,1,0021500162.json
604,1610612766,202689,14.06763,22.69671,0.0,454,1,0021500162.json
605,1610612766,202689,13.96319,22.76764,0.0,455,1,0021500162.json
606,1610612766,202689,13.86185,22.84478,0.0,456,1,0021500162.json
607,1610612766,202689,13.75686,22.93029,0.0,457,1,0021500162.json
608,1610612766,202689,13.65753,23.00805,0.0,458,1,0021500162.json
609,1610612766,202689,13.55288,23.073,0.0,459,1,0021500162.json
610,1610612766,202689,13.45443,23.12686,0.0,460,1,0021500162.json
611,1610612766,202689,13.35487,23.17992,0.0,461,1,0021500162.json
612,1610612766,202689,13.25382,23.21877,0.0,462,1,0021500162.json
613,1610612766,202689,13.1484,23.25399,0.0,463,1,0021500162.json
614,1610612766,202689,13.03841,23.28548,0.0,464,1,0021500162.json
615,1610612766,202689,12.92378,23.30579,0.0,465,1,0021500162.json
616,1610612766,202689,12.79844,23.3016,0.0,466,1,0021500162.json
617,1610612766,202689,12.64964,23.28137,0.0,467,1,0021500162.json
618,1610612766,202689,12.50458,23.25873,0.0,468,1,0021500162.json
619,1610612766,202689,12.35639,23.23212,0.0,469,1,0021500162.json
620,1610612766,202689,12.20562,23.19491,0.0,470,1,0021500162.json
621,1610612766,202689,12.05073,23.15442,0.0,471,1,0021500162.json
622,1610612766,202689,11.90252,23.1125,0.0,472,1,0021500162.json
623,1610612766,202689,11.75549,23.07423,0.0,473,1,0021500162.json
624,1610612766,202689,11.61481,23.04353,0.0,474,1,0021500162.json
625,1610612766,202689,11.4716,23.05511,0.0,475,1,0021500162.json
626,1610612766,202689,11.3231,23.02033,0.0,476,1,0021500162.json
627,1610612766,202689,11.16541,23.0094,0.0,477,1,0021500162.json
628,1610612766,202689,11.01589,23.01214,0.0,478,1,0021500162.json
629,1610612766,202689,10.85197,22.99939,0.0,479,1,0021500162.json
630,1610612766,202689,10.68673,22.99739,0.0,480,1,0021500162.json
631,1610612766,202689,10.5701,23.02495,0.0,481,1,0021500162.json
632,1610612766,202689,10.43467,23.06409,0.0,482,1,0021500162.json
633,1610612766,202689,10.27946,23.13656,0.0,483,1,0021500162.json
634,1610612766,202689,10.16138,23.17371,0.0,484,1,0021500162.json
635,1610612766,202689,10.05034,23.226,0.0,485,1,0021500162.json
636,1610612766,202689,9.94806,23.28559,0.0,486,1,0021500162.json
637,1610612766,202689,9.83762,23.35611,0.0,487,1,0021500162.json
638,1610612766,202689,9.7215,23.43112,0.0,488,1,0021500162.json
639,1610612766,202689,9.60813,23.51521,0.0,489,1,0021500162.json
640,1610612766,202689,9.49923,23.57354,0.0,490,1,0021500162.json
641,1610612766,202689,9.40785,23.68579,0.0,491,1,0021500162.json
642,1610612766,202689,9.33226,23.78734,0.0,492,1,0021500162.json
643,1610612766,202689,9.25026,23.88035,0.0,493,1,0021500162.json
644,1610612766,202689,9.19074,23.99342,0.0,494,1,0021500162.json
645,1610612766,202689,9.13761,24.10771,0.0,495,1,0021500162.json
646,1610612766,202689,9.02775,24.2602,0.0,496,1,0021500162.json
647,1610612766,202689,8.97043,24.39777,0.0,497,1,0021500162.json
648,1610612766,202689,8.93321,24.52228,0.0,498,1,0021500162.json
649,1610612766,202689,8.84466,24.75079,0.0,499,1,0021500162.json
650,1610612766,202689,33.93061,25.17075,0.0,0,2,0021500162.json
651,1610612766,202689,33.85611,25.13097,0.0,1,2,0021500162.json
652,1610612766,202689,33.82984,25.11163,0.0,2,2,0021500162.json
653,1610612766,202689,33.79391,25.0869,0.0,3,2,0021500162.json
654,1610612766,202689,33.76029,25.0631,0.0,4,2,0021500162.json
655,1610612766,202689,33.82217,25.05575,0.0,5,2,0021500162.json
656,1610612766,202689,33.97316,25.0559,0.0,6,2,0021500162.json
657,1610612766,202689,34.17069,25.06888,0.0,7,2,0021500162.json
658,1610612766,202689,34.35757,25.06554,0.0,8,2,0021500162.json
659,1610612766,202689,34.5685,25.09357,0.0,9,2,0021500162.json
660,1610612766,202689,34.78475,25.11277,0.0,10,2,0021500162.json
661,1610612766,202689,34.98236,25.13003,0.0,11,2,0021500162.json
662,1610612766,202689,35.09976,25.145,0.0,12,2,0021500162.json
663,1610612766,202689,35.14316,25.19048,0.0,13,2,0021500162.json
664,1610612766,202689,35.13245,25.18411,0.0,14,2,0021500162.json
665,1610612766,202689,35.13174,25.16683,0.0,15,2,0021500162.json
666,1610612766,202689,35.20032,25.13083,0.0,16,2,0021500162.json
667,1610612766,202689,35.28314,25.09254,0.0,17,2,0021500162.json
668,1610612766,202689,35.36976,25.04038,0.0,18,2,0021500162.json
669,1610612766,202689,35.51486,24.93585,0.0,19,2,0021500162.json
670,1610612766,202689,35.54467,24.81541,0.0,20,2,0021500162.json
671,1610612766,202689,35.50179,24.66738,0.0,21,2,0021500162.json
672,1610612766,202689,35.31747,24.52173,0.0,22,2,0021500162.json
673,1610612766,202689,35.16545,24.37364,0.0,23,2,0021500162.json
674,1610612766,202689,35.0314,24.1739,0.0,24,2,0021500162.json
675,1610612766,202689,34.89636,23.95234,0.0,25,2,0021500162.json
676,1610612766,202689,34.81298,23.6832,0.0,26,2,0021500162.json
677,1610612766,202689,34.77465,23.42446,0.0,27,2,0021500162.json
678,1610612766,202689,34.73023,23.17685,0.0,28,2,0021500162.json
679,1610612766,202689,34.74332,22.97572,0.0,29,2,0021500162.json
680,1610612766,202689,34.75601,22.73018,0.0,30,2,0021500162.json
681,1610612766,202689,34.73258,22.49266,0.0,31,2,0021500162.json
682,1610612766,202689,34.63303,22.24992,0.0,32,2,0021500162.json
683,1610612766,202689,34.49316,21.98621,0.0,33,2,0021500162.json
684,1610612766,202689,34.27669,21.76625,0.0,34,2,0021500162.json
685,1610612766,202689,34.09078,21.55526,0.0,35,2,0021500162.json
686,1610612766,202689,33.87827,21.34392,0.0,36,2,0021500162.json
687,1610612766,202689,33.72,21.13164,0.0,37,2,0021500162.json
688,1610612766,202689,33.51275,20.93813,0.0,38,2,0021500162.json
689,1610612766,202689,33.21715,20.74587,0.0,39,2,0021500162.json
690,1610612766,202689,32.89269,20.53383,0.0,40,2,0021500162.json
691,1610612766,202689,32.51445,20.36971,0.0,41,2,0021500162.json
692,1610612766,202689,32.14865,20.19446,0.0,42,2,0021500162.json
693,1610612766,202689,31.84693,20.0164,0.0,43,2,0021500162.json
694,1610612766,202689,31.52857,19.80193,0.0,44,2,0021500162.json
695,1610612766,202689,31.18312,19.63384,0.0,45,2,0021500162.json
696,1610612766,202689,30.83544,19.47197,0.0,46,2,0021500162.json
697,1610612766,202689,30.52147,19.31517,0.0,47,2,0021500162.json
698,1610612766,202689,30.20999,19.19137,0.0,48,2,0021500162.json
699,1610612766,202689,29.88712,19.08601,0.0,49,2,0021500162.json
700,1610612766,202689,29.53096,18.98248,0.0,50,2,0021500162.json
701,1610612766,202689,29.14843,18.90805,0.0,51,2,0021500162.json
702,1610612766,202689,28.74812,18.81003,0.0,52,2,0021500162.json
703,1610612766,202689,28.338,18.69636,0.0,53,2,0021500162.json
704,1610612766,202689,27.95848,18.63814,0.0,54,2,0021500162.json
705,1610612766,202689,27.57832,18.61152,0.0,55,2,0021500162.json
706,1610612766,202689,27.18773,18.5845,0.0,56,2,0021500162.json
707,1610612766,202689,26.76965,18.56557,0.0,57,2,0021500162.json
708,1610612766,202689,26.32317,18.56687,0.0,58,2,0021500162.json
709,1610612766,202689,25.86713,18.59337,0.0,59,2,0021500162.json
710,1610612766,202689,25.39893,18.62587,0.0,60,2,0021500162.json
711,1610612766,202689,24.92855,18.65855,0.0,61,2,0021500162.json
712,1610612766,202689,24.44875,18.70209,0.0,62,2,0021500162.json
713,1610612766,202689,23.97615,18.75505,0.0,63,2,0021500162.json
714,1610612766,202689,23.51555,18.81652,0.0,64,2,0021500162.json
715,1610612766,202689,23.06191,18.88179,0.0,65,2,0021500162.json
716,1610612766,202689,22.6276,18.95204,0.0,66,2,0021500162.json
717,1610612766,202689,22.22766,19.00973,0.0,67,2,0021500162.json
718,1610612766,202689,21.81622,19.12649,0.0,68,2,0021500162.json
719,1610612766,202689,21.42051,19.2678,0.0,69,2,0021500162.json
720,1610612766,202689,21.0446,19.40685,0.0,70,2,0021500162.json
721,1610612766,202689,20.68679,19.55523,0.0,71,2,0021500162.json
722,1610612766,202689,20.34954,19.71929,0.0,72,2,0021500162.json
723,1610612766,202689,20.03146,19.8748,0.0,73,2,0021500162.json
724,1610612766,202689,19.73325,20.02304,0.0,74,2,0021500162.json
725,1610612766,202689,19.45216,20.173,0.0,75,2,0021500162.json
726,1610612766,202689,19.1876,20.32556,0.0,76,2,0021500162.json
727,1610612766,202689,18.94341,20.47445,0.0,77,2,0021500162.json
728,1610612766,202689,18.70459,20.60964,0.0,78,2,0021500162.json
729,1610612766,202689,18.47783,20.74396,0.0,79,2,0021500162.json
730,1610612766,202689,18.26019,20.88332,0.0,80,2,0021500162.json
731,1610612766,202689,18.04988,21.02387,0.0,81,2,0021500162.json
732,1610612766,202689,17.82888,21.1713,0.0,82,2,0021500162.json
733,1610612766,202689,17.63256,21.27207,0.0,83,2,0021500162.json
734,1610612766,202689,17.42815,21.36529,0.0,84,2,0021500162.json
735,1610612766,202689,17.22016,21.47189,0.0,85,2,0021500162.json
736,1610612766,202689,17.00989,21.56887,0.0,86,2,0021500162.json
737,1610612766,202689,16.79644,21.65342,0.0,87,2,0021500162.json
738,1610612766,202689,16.58215,21.7383,0.0,88,2,0021500162.json
739,1610612766,202689,16.37486,21.81508,0.0,89,2,0021500162.json
740,1610612766,202689,16.17688,21.88399,0.0,90,2,0021500162.json
741,1610612766,202689,15.97624,21.95507,0.0,91,2,0021500162.json
742,1610612766,202689,15.78257,22.01772,0.0,92,2,0021500162.json
743,1610612766,202689,15.59702,22.08766,0.0,93,2,0021500162.json
744,1610612766,202689,15.41857,22.1542,0.0,94,2,0021500162.json
745,1610612766,202689,15.24514,22.22031,0.0,95,2,0021500162.json
746,1610612766,202689,15.07971,22.27223,0.0,96,2,0021500162.json
747,1610612766,202689,14.91495,22.32702,0.0,97,2,0021500162.json
748,1610612766,202689,14.76261,22.37799,0.0,98,2,0021500162.json
749,1610612766,202689,14.62803,22.42251,0.0,99,2,0021500162.json
750,1610612766,202689,14.50056,22.46443,0.0,100,2,0021500162.json
751,1610612766,202689,14.38257,22.51679,0.0,101,2,0021500162.json
752,1610612766,202689,14.27386,22.57175,0.0,102,2,0021500162.json
753,1610612766,202689,14.17072,22.63139,0.0,103,2,0021500162.json
754,1610612766,202689,14.06763,22.69671,0.0,104,2,0021500162.json
755,1610612766,202689,13.96319,22.76764,0.0,105,2,0021500162.json
756,1610612766,202689,13.86185,22.84478,0.0,106,2,0021500162.json
757,1610612766,202689,13.75686,22.93029,0.0,107,2,0021500162.json
758,1610612766,202689,13.65753,23.00805,0.0,108,2,0021500162.json
759,1610612766,202689,13.55288,23.073,0.0,109,2,0021500162.json
760,1610612766,202689,13.45443,23.12686,0.0,110,2,0021500162.json
761,1610612766,202689,13.35487,23.17992,0.0,111,2,0021500162.json
762,1610612766,202689,13.25382,23.21877,0.0,112,2,0021500162.json
763,1610612766,202689,13.1484,23.25399,0.0,113,2,0021500162.json
764,1610612766,202689,13.03841,23.28548,0.0,114,2,0021500162.json
765,1610612766,202689,12.92378,23.30579,0.0,115,2,0021500162.json
766,1610612766,202689,12.79844,23.3016,0.0,116,2,0021500162.json
767,1610612766,202689,12.64964,23.28137,0.0,117,2,0021500162.json
768,1610612766,202689,12.50458,23.25873,0.0,118,2,0021500162.json
769,1610612766,202689,12.35639,23.23212,0.0,119,2,0021500162.json
770,1610612766,202689,12.20562,23.19491,0.0,120,2,0021500162.json
771,1610612766,202689,12.05073,23.15442,0.0,121,2,0021500162.json
772,1610612766,202689,11.90252,23.1125,0.0,122,2,0021500162.json
773,1610612766,202689,11.75549,23.07423,0.0,123,2,0021500162.json
774,1610612766,202689,11.61481,23.04353,0.0,124,2,0021500162.json
775,1610612766,202689,11.4716,23.05511,0.0,125,2,0021500162.json
776,1610612766,202689,11.3231,23.02033,0.0,126,2,0021500162.json
777,1610612766,202689,11.16541,23.0094,0.0,127,2,0021500162.json
778,1610612766,202689,11.01589,23.01214,0.0,128,2,0021500162.json
779,1610612766,202689,10.85197,22.99939,0.0,129,2,0021500162.json
780,1610612766,202689,10.68673,22.99739,0.0,130,2,0021500162.json
781,1610612766,202689,10.5701,23.02495,0.0,131,2,0021500162.json
782,1610612766,202689,10.43467,23.06409,0.0,132,2,0021500162.json
783,1610612766,202689,10.27946,23.13656,0.0,133,2,0021500162.json
784,1610612766,202689,10.16138,23.17371,0.0,134,2,0021500162.json
785,1610612766,202689,10.05034,23.226,0.0,135,2,0021500162.json
786,1610612766,202689,9.94806,23.28559,0.0,136,2,0021500162.json
787,1610612766,202689,9.83762,23.35611,0.0,137,2,0021500162.json
788,1610612766,202689,9.7215,23.43112,0.0,138,2,0021500162.json
789,1610612766,202689,9.60813,23.51521,0.0,139,2,0021500162.json
790,1610612766,202689,9.49923,23.57354,0.0,140,2,0021500162.json
791,1610612766,202689,9.40785,23.68579,0.0,141,2,0021500162.json
792,1610612766,202689,9.33226,23.78734,0.0,142,2,0021500162.json
793,1610612766,202689,9.25026,23.88035,0.0,143,2,0021500162.json
794,1610612766,202689,9.19074,23.99342,0.0,144,2,0021500162.json
795,1610612766,202689,9.13761,24.10771,0.0,145,2,0021500162.json
796,1610612766,202689,9.02775,24.2602,0.0,146,2,0021500162.json
797,1610612766,202689,8.97043,24.39777,0.0,147,2,0021500162.json
798,1610612766,202689,8.93321,24.52228,0.0,148,2,0021500162.json
799,1610612766,202689,8.84466,24.75079,0.0,149,2,0021500162.json
800,1610612766,202689,8.75854,24.98431,0.0,150,2,0021500162.json
801,1610612766,202689,8.68334,25.20797,0.0,151,2,0021500162.json
802,1610612766,202689,8.58836,25.5576,0.0,152,2,0021500162.json
803,1610612766,202689,8.50837,25.9044,0.0,153,2,0021500162.json
804,1610612766,202689,8.42103,26.23969,0.0,154,2,0021500162.json
805,1610612766,202689,8.39153,26.53773,0.0,155,2,0021500162.json
806,1610612766,202689,8.41093,26.80737,0.0,156,2,0021500162.json
807,1610612766,202689,8.44583,27.07089,0.0,157,2,0021500162.json
808,1610612766,202689,8.49258,27.32464,0.0,158,2,0021500162.json
809,1610612766,202689,8.4973,27.51989,0.0,159,2,0021500162.json
810,1610612766,202689,8.48568,27.73485,0.0,160,2,0021500162.json
811,1610612766,202689,8.51277,27.89756,0.0,161,2,0021500162.json
812,1610612766,202689,8.56333,28.08619,0.0,162,2,0021500162.json
813,1610612766,202689,8.64646,28.26476,0.0,163,2,0021500162.json
814,1610612766,202689,8.77877,28.38584,0.0,164,2,0021500162.json
815,1610612766,202689,8.94012,28.50674,0.0,165,2,0021500162.json
816,1610612766,202689,9.12469,28.63852,0.0,166,2,0021500162.json
817,1610612766,202689,9.35881,28.65098,0.0,167,2,0021500162.json
818,1610612766,202689,9.62388,28.66965,0.0,168,2,0021500162.json
819,1610612766,202689,9.91167,28.70726,0.0,169,2,0021500162.json
820,1610612766,202689,10.15934,28.77597,0.0,170,2,0021500162.json
821,1610612766,202689,10.36399,28.87398,0.0,171,2,0021500162.json
822,1610612766,202689,10.57687,28.97343,0.0,172,2,0021500162.json
823,1610612766,202689,10.78052,29.07576,0.0,173,2,0021500162.json
824,1610612766,202689,11.04894,29.22087,0.0,174,2,0021500162.json
825,1610612766,202689,11.37239,29.33763,0.0,175,2,0021500162.json
826,1610612766,202689,11.69089,29.45528,0.0,176,2,0021500162.json
827,1610612766,202689,12.00114,29.5708,0.0,177,2,0021500162.json
828,1610612766,202689,12.31843,29.70679,0.0,178,2,0021500162.json
829,1610612766,202689,12.62813,29.84123,0.0,179,2,0021500162.json
830,1610612766,202689,12.93554,29.95236,0.0,180,2,0021500162.json
831,1610612766,202689,13.25085,30.07291,0.0,181,2,0021500162.json
832,1610612766,202689,13.58747,30.175,0.0,182,2,0021500162.json
833,1610612766,202689,13.90018,30.28221,0.0,183,2,0021500162.json
834,1610612766,202689,14.19647,30.35754,0.0,184,2,0021500162.json
835,1610612766,202689,14.4966,30.42312,0.0,185,2,0021500162.json
836,1610612766,202689,14.80931,30.49302,0.0,186,2,0021500162.json
837,1610612766,202689,15.12726,30.56814,0.0,187,2,0021500162.json
838,1610612766,202689,15.50934,30.66994,0.0,188,2,0021500162.json
839,1610612766,202689,15.90376,30.78183,0.0,189,2,0021500162.json
840,1610612766,202689,16.2868,30.89702,0.0,190,2,0021500162.json
841,1610612766,202689,16.68623,31.01361,0.0,191,2,0021500162.json
842,1610612766,202689,17.08843,31.11433,0.0,192,2,0021500162.json
843,1610612766,202689,17.48101,31.18056,0.0,193,2,0021500162.json
844,1610612766,202689,17.88124,31.23799,0.0,194,2,0021500162.json
845,1610612766,202689,18.2811,31.30239,0.0,195,2,0021500162.json
846,1610612766,202689,18.67203,31.33468,0.0,196,2,0021500162.json
847,1610612766,202689,19.04709,31.37705,0.0,197,2,0021500162.json
848,1610612766,202689,19.43795,31.40446,0.0,198,2,0021500162.json
849,1610612766,202689,19.85612,31.44394,0.0,199,2,0021500162.json
850,1610612766,202689,20.28416,31.48096,0.0,200,2,0021500162.json
851,1610612766,202689,20.71105,31.50574,0.0,201,2,0021500162.json
852,1610612766,202689,21.14046,31.51983,0.0,202,2,0021500162.json
853,1610612766,202689,21.53746,31.50092,0.0,203,2,0021500162.json
854,1610612766,202689,21.93296,31.47415,0.0,204,2,0021500162.json
855,1610612766,202689,22.33638,31.44584,0.0,205,2,0021500162.json
856,1610612766,202689,22.74368,31.41667,0.0,206,2,0021500162.json
857,1610612766,202689,23.15513,31.38793,0.0,207,2,0021500162.json
858,1610612766,202689,23.57432,31.36432,0.0,208,2,0021500162.json
859,1610612766,202689,23.99668,31.3348,0.0,209,2,0021500162.json
860,1610612766,202689,24.42011,31.3076,0.0,210,2,0021500162.json
861,1610612766,202689,24.84439,31.28672,0.0,211,2,0021500162.json
862,1610612766,202689,25.26916,31.25513,0.0,212,2,0021500162.json
863,1610612766,202689,25.69605,31.22315,0.0,213,2,0021500162.json
864,1610612766,202689,26.12114,31.19221,0.0,214,2,0021500162.json
865,1610612766,202689,26.54561,31.16145,0.0,215,2,0021500162.json
866,1610612766,202689,26.97376,31.12968,0.0,216,2,0021500162.json
867,1610612766,202689,27.39988,31.10104,0.0,217,2,0021500162.json
868,1610612766,202689,27.81757,31.08209,0.0,218,2,0021500162.json
869,1610612766,202689,28.22985,31.06315,0.0,219,2,0021500162.json
870,1610612766,202689,28.63972,31.04049,0.0,220,2,0021500162.json
871,1610612766,202689,29.04485,31.00708,0.0,221,2,0021500162.json
872,1610612766,202689,29.44593,30.97135,0.0,222,2,0021500162.json
873,1610612766,202689,29.83709,30.93259,0.0,223,2,0021500162.json
874,1610612766,202689,30.2239,30.90148,0.0,224,2,0021500162.json
875,1610612766,202689,30.6112,30.86654,0.0,225,2,0021500162.json
876,1610612766,202689,30.99831,30.83531,0.0,226,2,0021500162.json
877,1610612766,202689,31.39007,30.80518,0.0,227,2,0021500162.json
878,1610612766,202689,31.77622,30.76983,0.0,228,2,0021500162.json
879,1610612766,202689,32.15924,30.73015,0.0,229,2,0021500162.json
880,1610612766,202689,32.53592,30.68798,0.0,230,2,0021500162.json
881,1610612766,202689,32.92022,30.64876,0.0,231,2,0021500162.json
882,1610612766,202689,33.30818,30.60002,0.0,232,2,0021500162.json
883,1610612766,202689,33.70269,30.54758,0.0,233,2,0021500162.json
884,1610612766,202689,34.09691,30.49492,0.0,234,2,0021500162.json
885,1610612766,202689,34.49134,30.44153,0.0,235,2,0021500162.json
886,1610612766,202689,34.88387,30.39646,0.0,236,2,0021500162.json
887,1610612766,202689,35.27589,30.3579,0.0,237,2,0021500162.json
888,1610612766,202689,35.66783,30.31941,0.0,238,2,0021500162.json
889,1610612766,202689,36.05069,30.28001,0.0,239,2,0021500162.json
890,1610612766,202689,36.42692,30.2476,0.0,240,2,0021500162.json
891,1610612766,202689,36.79655,30.2036,0.0,241,2,0021500162.json
892,1610612766,202689,37.16189,30.15858,0.0,242,2,0021500162.json
893,1610612766,202689,37.52316,30.11903,0.0,243,2,0021500162.json
894,1610612766,202689,37.88397,30.08093,0.0,244,2,0021500162.json
895,1610612766,202689,38.24877,30.04636,0.0,245,2,0021500162.json
896,1610612766,202689,38.60469,30.01191,0.0,246,2,0021500162.json
897,1610612766,202689,38.95467,29.98369,0.0,247,2,0021500162.json
898,1610612766,202689,39.30327,29.95477,0.0,248,2,0021500162.json
899,1610612766,202689,39.65544,29.92709,0.0,249,2,0021500162.json
900,1610612766,202689,40.00539,29.89879,0.0,250,2,0021500162.json
901,1610612766,202689,40.35378,29.86746,0.0,251,2,0021500162.json
902,1610612766,202689,40.70315,29.83346,0.0,252,2,0021500162.json
903,1610612766,202689,41.05126,29.79618,0.0,253,2,0021500162.json
904,1610612766,202689,41.40124,29.75239,0.0,254,2,0021500162.json
905,1610612766,202689,41.75554,29.70701,0.0,255,2,0021500162.json
906,1610612766,202689,42.11345,29.67004,0.0,256,2,0021500162.json
907,1610612766,202689,42.46885,29.63086,0.0,257,2,0021500162.json
908,1610612766,202689,42.80972,29.6012,0.0,258,2,0021500162.json
909,1610612766,202689,43.14914,29.57371,0.0,259,2,0021500162.json
910,1610612766,202689,43.48301,29.54741,0.0,260,2,0021500162.json
911,1610612766,202689,43.81375,29.5242,0.0,261,2,0021500162.json
912,1610612766,202689,44.14248,29.5016,0.0,262,2,0021500162.json
913,1610612766,202689,44.4671,29.46745,0.0,263,2,0021500162.json
914,1610612766,202689,44.77974,29.43891,0.0,264,2,0021500162.json
915,1610612766,202689,45.08836,29.41685,0.0,265,2,0021500162.json
916,1610612766,202689,45.40056,29.4101,0.0,266,2,0021500162.json
917,1610612766,202689,45.70916,29.41015,0.0,267,2,0021500162.json
918,1610612766,202689,46.01328,29.41487,0.0,268,2,0021500162.json
919,1610612766,202689,46.31476,29.42221,0.0,269,2,0021500162.json
920,1610612766,202689,46.6209,29.43716,0.0,270,2,0021500162.json
921,1610612766,202689,46.9165,29.4569,0.0,271,2,0021500162.json
922,1610612766,202689,47.20678,29.46445,0.0,272,2,0021500162.json
923,1610612766,202689,47.5064,29.45657,0.0,273,2,0021500162.json
924,1610612766,202689,47.80299,29.455,0.0,274,2,0021500162.json
925,1610612766,202689,48.10103,29.43593,0.0,275,2,0021500162.json
926,1610612766,202689,48.39074,29.41809,0.0,276,2,0021500162.json
927,1610612766,202689,48.67661,29.40859,0.0,277,2,0021500162.json
928,1610612766,202689,48.95314,29.41975,0.0,278,2,0021500162.json
929,1610612766,202689,49.22711,29.4377,0.0,279,2,0021500162.json
930,1610612766,202689,49.49892,29.47345,0.0,280,2,0021500162.json
931,1610612766,202689,49.75717,29.5097,0.0,281,2,0021500162.json
932,1610612766,202689,50.01147,29.54544,0.0,282,2,0021500162.json
933,1610612766,202689,50.25673,29.5841,0.0,283,2,0021500162.json
934,1610612766,202689,50.49692,29.62775,0.0,284,2,0021500162.json
935,1610612766,202689,50.71699,29.67134,0.0,285,2,0021500162.json
936,1610612766,202689,50.93637,29.7191,0.0,286,2,0021500162.json
937,1610612766,202689,51.15275,29.78523,0.0,287,2,0021500162.json
938,1610612766,202689,51.36476,29.86438,0.0,288,2,0021500162.json
939,1610612766,202689,51.57133,29.93617,0.0,289,2,0021500162.json
940,1610612766,202689,51.77469,30.02933,0.0,290,2,0021500162.json
941,1610612766,202689,51.97539,30.11307,0.0,291,2,0021500162.json
942,1610612766,202689,52.16969,30.1837,0.0,292,2,0021500162.json
943,1610612766,202689,52.35572,30.24441,0.0,293,2,0021500162.json
944,1610612766,202689,52.54129,30.2885,0.0,294,2,0021500162.json
945,1610612766,202689,52.72175,30.31827,0.0,295,2,0021500162.json
946,1610612766,202689,52.90146,30.33607,0.0,296,2,0021500162.json
947,1610612766,202689,53.08275,30.34629,0.0,297,2,0021500162.json
948,1610612766,202689,53.26249,30.35624,0.0,298,2,0021500162.json
949,1610612766,202689,53.43428,30.37734,0.0,299,2,0021500162.json
950,1610612766,202689,53.60274,30.40458,0.0,300,2,0021500162.json
951,1610612766,202689,53.75984,30.44058,0.0,301,2,0021500162.json
952,1610612766,202689,53.90463,30.48299,0.0,302,2,0021500162.json
953,1610612766,202689,54.04163,30.52513,0.0,303,2,0021500162.json
954,1610612766,202689,54.17051,30.57052,0.0,304,2,0021500162.json
955,1610612766,202689,54.28684,30.61933,0.0,305,2,0021500162.json
956,1610612766,202689,54.40008,30.67671,0.0,306,2,0021500162.json
957,1610612766,202689,54.50687,30.74451,0.0,307,2,0021500162.json
958,1610612766,202689,54.61777,30.81829,0.0,308,2,0021500162.json
959,1610612766,202689,54.72074,30.90399,0.0,309,2,0021500162.json
960,1610612766,202689,54.84906,30.95762,0.0,310,2,0021500162.json
961,1610612766,202689,54.97039,31.01987,0.0,311,2,0021500162.json
962,1610612766,202689,55.05051,31.12315,0.0,312,2,0021500162.json
963,1610612766,202689,55.12654,31.2288,0.0,313,2,0021500162.json
964,1610612766,202689,55.20313,31.32019,0.0,314,2,0021500162.json
965,1610612766,202689,55.27488,31.39697,0.0,315,2,0021500162.json
966,1610612766,202689,55.3537,31.45706,0.0,316,2,0021500162.json
967,1610612766,202689,55.43948,31.51074,0.0,317,2,0021500162.json
968,1610612766,202689,55.52683,31.56196,0.0,318,2,0021500162.json
969,1610612766,202689,55.62099,31.61609,0.0,319,2,0021500162.json
970,1610612766,202689,55.7192,31.67265,0.0,320,2,0021500162.json
971,1610612766,202689,55.81074,31.67331,0.0,321,2,0021500162.json
972,1610612766,202689,55.89254,31.68978,0.0,322,2,0021500162.json
973,1610612766,202689,55.96733,31.69941,0.0,323,2,0021500162.json
974,1610612766,202689,56.03144,31.71588,0.0,324,2,0021500162.json
975,1610612766,202689,56.07884,31.79148,0.0,325,2,0021500162.json
976,1610612766,202689,56.12701,31.87462,0.0,326,2,0021500162.json
977,1610612766,202689,56.21028,31.93176,0.0,327,2,0021500162.json
978,1610612766,202689,56.2971,31.98561,0.0,328,2,0021500162.json
979,1610612766,202689,56.38569,32.03846,0.0,329,2,0021500162.json
980,1610612766,202689,56.47175,32.0875,0.0,330,2,0021500162.json
981,1610612766,202689,56.55536,32.14772,0.0,331,2,0021500162.json
982,1610612766,202689,56.63674,32.22434,0.0,332,2,0021500162.json
983,1610612766,202689,56.71585,32.32222,0.0,333,2,0021500162.json
984,1610612766,202689,56.78656,32.43456,0.0,334,2,0021500162.json
985,1610612766,202689,56.85269,32.56546,0.0,335,2,0021500162.json
986,1610612766,202689,56.92268,32.7744,0.0,336,2,0021500162.json
987,1610612766,202689,57.00823,32.99147,0.0,337,2,0021500162.json
988,1610612766,202689,57.10322,33.23893,0.0,338,2,0021500162.json
989,1610612766,202689,57.21602,33.49432,0.0,339,2,0021500162.json
990,1610612766,202689,57.32365,33.73735,0.0,340,2,0021500162.json
991,1610612766,202689,57.44504,33.98496,0.0,341,2,0021500162.json
992,1610612766,202689,57.5789,34.24607,0.0,342,2,0021500162.json
993,1610612766,202689,57.72513,34.5288,0.0,343,2,0021500162.json
994,1610612766,202689,57.88277,34.84185,0.0,344,2,0021500162.json
995,1610612766,202689,58.07411,35.19336,0.0,345,2,0021500162.json
996,1610612766,202689,58.27416,35.56148,0.0,346,2,0021500162.json
997,1610612766,202689,58.48207,35.91791,0.0,347,2,0021500162.json
998,1610612766,202689,58.71346,36.22742,0.0,348,2,0021500162.json